{
    "version": 2,
    "framework": null,
    "functions": {
        "api/index.php": { "runtime": "vercel-php@0.6.0" }
    },
    "routes": [
        {
            "src": "/(.*)",
            "dest": "/api/index.php"
        }
    ],
    "env": {
        "APP_ENV": "production",
        "APP_DEBUG": "true",
        "APP_URL": "https://yourproductionurl.com",

        "DB_CONNECTION": "mysql",
        "DB_HOST": "gateway01.ap-southeast-1.prod.aws.tidbcloud.com",
        "DB_PORT": "4000",
        "DB_DATABASE": "test",
        "DB_USERNAME": "2pSgdTLZga1y6SR.root",
        "DB_PASSWORD":"cGVR5Ewv4qfccEvJ",
        "DB_SSL_CA": "/var/task/ca.pem",

        "APP_CONFIG_CACHE": "/tmp/config.php",
        "APP_EVENTS_CACHE": "/tmp/events.php",
        "APP_PACKAGES_CACHE": "/tmp/packages.php",
        "APP_ROUTES_CACHE": "/tmp/routes.php",
        "APP_SERVICES_CACHE": "/tmp/services.php",
        "VIEW_COMPILED_PATH": "/tmp",

        "CACHE_DRIVER": "array",
        "LOG_CHANNEL": "stderr",
        "SESSION_DRIVER": "cookie"
    }
}
